epoch,train/loss,val/loss
1,0.62112,0.50156
2,0.48318,0.41318
3,0.42712,0.32292
4,0.36896,0.28469
5,0.33516,0.27147
6,0.29603,0.24188
7,0.30233,0.19052
8,0.29032,0.22029
9,0.27893,0.19058
10,0.27085,0.20655
